id,name,email,nif
1,Vickey Nikolaus,vickey.nikolaus@not_gmail.com,411111111Z
2,Jennefer Murray,jennefer.murray@not_gmail.com,411111112Z
3,Natosha Jacobi,natosha.jacobi@not_gmail.com,411111113Z
4,Delphine Ortiz,delphine.ortiz@not_gmail.com,411111114Z
5,Dawne Watsica,dawne.watsica@not_gmail.com,411111115Z
6,Keena McDermott,keena.mcdermott@not_gmail.com,411111116Z
7,Antone Mitchell,antone.mitchell@not_gmail.com,411111117Z
8,Calista Crooks,calista.crooks@not_gmail.com,411111118Z
9,Lacie Kuphal,lacie.kuphal@not_gmail.com,411111119Z
10,Trina Greenholt,trina.greenholt@not_gmail.com,411111110Z
11,Coralie Kilback,coralie.kilback@not_gmail.com,411111111Z
12,Kimberlie Hills,kimberlie.hills@not_gmail.com,411111112Z
13,Lucia Friesen,lucia.friesen@not_gmail.com,411111113Z
14,Douglass Okuneva,douglass.okuneva@not_gmail.com,411111114Z
15,Eldridge Wiegand,eldridge.wiegand@not_gmail.com,411111115Z
16,Loriann Anderson,loriann.anderson@not_gmail.com,411111116Z
17,Arden Stanton,arden.stanton@not_gmail.com,411111117Z
18,Adriane Zulauf,adriane.zulauf@not_gmail.com,411111118Z
19,Margarito Kreiger,margarito.kreiger@not_gmail.com,411111119Z
20,Bernardina Will,bernardina.will@not_gmail.com,411111120Z
21,Orpha Pouros,orpha.pouros@not_gmail.com,411111121Z
22,Norberto Murray,norberto.murray@not_gmail.com,411111122Z
23,Kathlyn Cole,kathlyn.cole@not_gmail.com,411111123Z
24,Josephine White,josephine.white@not_gmail.com,411111124Z
25,Sammie Wisoky,sammie.wisoky@not_gmail.com,411111125Z
26,Archie Schuster,archie.schuster@not_gmail.com,411111126Z
27,Debbra Rutherford,debbra.rutherford@not_gmail.com,411111127Z
28,Carter Huels,carter.huels@not_gmail.com,411111128Z
29,Tamisha Rohan,tamisha.rohan@not_gmail.com,411111129Z
30,Eva Bauch,eva.bauch@not_gmail.com,411111130Z
31,Cathleen McLaughlin,cathleen.mclaughlin@not_gmail.com,411111131Z
32,Daisy Murphy,daisy.murphy@not_gmail.com,411111132Z
33,Keena Herman,keena.herman@not_gmail.com,411111133Z
34,Lincoln Kulas,lincoln.kulas@not_gmail.com,411111134Z
35,Ramiro Bergstrom,ramiro.bergstrom@not_gmail.com,411111135Z
36,Alica Harris,alica.harris@not_gmail.com,411111136Z
37,Rebecca Zieme,rebecca.zieme@not_gmail.com,411111137Z
38,Ute Mitchell,ute.mitchell@not_gmail.com,411111138Z
39,Ezra Jones,ezra.jones@not_gmail.com,411111139Z
40,Silas Hudson,silas.hudson@not_gmail.com,411111140Z
41,Sherlene Morissette,sherlene.morissette@not_gmail.com,411111141Z
42,Celina Balistreri,celina.balistreri@not_gmail.com,411111142Z
43,Bill Hills,bill.hills@not_gmail.com,411111143Z
44,Tarah Renner,tarah.renner@not_gmail.com,411111144Z
45,Ammie O'Conner,ammie.o'conner@not_gmail.com,411111145Z
46,Joey Stark,joey.stark@not_gmail.com,411111146Z
47,Alexia Reynolds,alexia.reynolds@not_gmail.com,411111147Z
48,Dalton Breitenberg,dalton.breitenberg@not_gmail.com,411111148Z
49,Treasa Nikolaus,treasa.nikolaus@not_gmail.com,411111149Z
50,Jeannetta Daugherty,jeannetta.daugherty@not_gmail.com,411111150Z
51,Michiko Bechtelar,michiko.bechtelar@not_gmail.com,411111151Z
52,Brett Farrell,brett.farrell@not_gmail.com,411111152Z
53,Marilu Keebler,marilu.keebler@not_gmail.com,411111153Z
54,Lowell Lowe,lowell.lowe@not_gmail.com,411111154Z
55,Erline Flatley,erline.flatley@not_gmail.com,411111155Z
56,Bryce Greenholt,bryce.greenholt@not_gmail.com,411111156Z
57,Monika Donnelly,monika.donnelly@not_gmail.com,411111157Z
58,Keenan Carter,keenan.carter@not_gmail.com,411111158Z
59,Rafaela Stehr,rafaela.stehr@not_gmail.com,411111159Z
60,Willia Casper,willia.casper@not_gmail.com,411111160Z
61,Ernest Steuber,ernest.steuber@not_gmail.com,411111161Z
62,Hilda Rutherford,hilda.rutherford@not_gmail.com,411111162Z
63,Ahmed Macejkovic,ahmed.macejkovic@not_gmail.com,411111163Z
64,Gwen Gleichner,gwen.gleichner@not_gmail.com,411111164Z
65,Leilani Goodwin,leilani.goodwin@not_gmail.com,411111165Z
66,Candelaria Upton,candelaria.upton@not_gmail.com,411111166Z
67,Graciela O'Hara,graciela.o'hara@not_gmail.com,411111167Z
68,Susana Koss,susana.koss@not_gmail.com,411111168Z
69,Tyree Von,tyree.von@not_gmail.com,411111169Z
70,Ilana Renner,ilana.renner@not_gmail.com,411111170Z
71,Emely Ward,emely.ward@not_gmail.com,411111171Z
72,Shemika Skiles,shemika.skiles@not_gmail.com,411111172Z
73,Gwyn Weissnat,gwyn.weissnat@not_gmail.com,411111173Z
74,Saran Daniel,saran.daniel@not_gmail.com,411111174Z
75,Sandy Schamberger,sandy.schamberger@not_gmail.com,411111175Z
76,Vernon Jewess,vernon.jewess@not_gmail.com,411111176Z
77,Melania Little,melania.little@not_gmail.com,411111177Z
78,Bruce Kerluke,bruce.kerluke@not_gmail.com,411111178Z
79,Jenna Renner,jenna.renner@not_gmail.com,411111179Z
80,Bridgett Hyatt,bridgett.hyatt@not_gmail.com,411111180Z
81,Tristan Weber,tristan.weber@not_gmail.com,411111181Z
82,Makeda Zemlak,makeda.zemlak@not_gmail.com,411111182Z
83,Randi Herzog,randi.herzog@not_gmail.com,411111183Z
84,Grisel Bahringer,grisel.bahringer@not_gmail.com,411111184Z
85,Keenan Fahey,keenan.fahey@not_gmail.com,411111185Z
86,Shirlene Spinka,shirlene.spinka@not_gmail.com,411111186Z
87,Tiffiny McGlynn,tiffiny.mcglynn@not_gmail.com,411111187Z
88,Domenic Denesik,domenic.denesik@not_gmail.com,411111188Z
89,Gail Streich,gail.streich@not_gmail.com,411111189Z
90,Odell Hackett,odell.hackett@not_gmail.com,411111190Z
91,Geraldo Langosh,geraldo.langosh@not_gmail.com,411111191Z
92,Angelo Boyer,angelo.boyer@not_gmail.com,411111192Z
93,Caroyln Trantow,caroyln.trantow@not_gmail.com,411111193Z
94,Sharyl Parker,sharyl.parker@not_gmail.com,411111194Z
95,Andra Lehner,andra.lehner@not_gmail.com,411111195Z
96,Siu McGlynn,siu.mcglynn@not_gmail.com,411111196Z
97,Mariela Fahey,mariela.fahey@not_gmail.com,411111197Z
98,Davis Auer,davis.auer@not_gmail.com,411111198Z
99,Sanora Mayer,sanora.mayer@not_gmail.com,411111199Z
100,Arleen Oga,arleen.oga@not_gmail.com,411111100Z
101,Rocco Berge,rocco.berge@not_gmail.com,411111101Z
102,Yajaira Schmidt,yajaira.schmidt@not_gmail.com,411111102Z
103,Tess Lang,tess.lang@not_gmail.com,411111103Z
104,Randell Morissette,randell.morissette@not_gmail.com,411111104Z
105,Edra Swaniawski,edra.swaniawski@not_gmail.com,411111105Z
106,Caryn Gaylord,caryn.gaylord@not_gmail.com,411111106Z
107,Isabella Dicki,isabella.dicki@not_gmail.com,411111107Z
108,Adina O'Kon,adina.o'kon@not_gmail.com,411111108Z
109,Darby Douglas,darby.douglas@not_gmail.com,411111109Z
110,Joaquin Konopelski,joaquin.konopelski@not_gmail.com,411111110Z
111,Pura Schuster,pura.schuster@not_gmail.com,411111111Z
112,Lourie Bode,lourie.bode@not_gmail.com,411111112Z
113,Glinda Koss,glinda.koss@not_gmail.com,411111113Z
114,Suzette Kling,suzette.kling@not_gmail.com,411111114Z
115,Nick Koch,nick.koch@not_gmail.com,411111115Z
116,Neville Beahan,neville.beahan@not_gmail.com,411111116Z
117,Darryl Veum,darryl.veum@not_gmail.com,411111117Z
118,Noelia Simonis,noelia.simonis@not_gmail.com,411111118Z
119,Clementine O'Kon,clementine.o'kon@not_gmail.com,411111119Z
120,Pearlene Rosenbaum,pearlene.rosenbaum@not_gmail.com,411111120Z
121,Rona Osinski,rona.osinski@not_gmail.com,411111121Z
122,Jeannette Walter,jeannette.walter@not_gmail.com,411111122Z
123,Sandee Keeling,sandee.keeling@not_gmail.com,411111123Z
124,Tory Crooks,tory.crooks@not_gmail.com,411111124Z
125,Shanice Bauch,shanice.bauch@not_gmail.com,411111125Z
126,Leanora Wolf,leanora.wolf@not_gmail.com,411111126Z
127,Ariane Bergnaum,ariane.bergnaum@not_gmail.com,411111127Z
128,Leonel Price,leonel.price@not_gmail.com,411111128Z
129,Felix Von,felix.von@not_gmail.com,411111129Z
130,Wynona Leffler,wynona.leffler@not_gmail.com,411111130Z
131,Antonietta Wiza,antonietta.wiza@not_gmail.com,411111131Z
132,Ahmed Vandervort,ahmed.vandervort@not_gmail.com,411111132Z
133,Lashandra McDermott,lashandra.mcdermott@not_gmail.com,411111133Z
134,Dong Grant,dong.grant@not_gmail.com,411111134Z
135,Milton Fritsch,milton.fritsch@not_gmail.com,411111135Z
136,Fae Jones,fae.jones@not_gmail.com,411111136Z
137,Ivy Conroy,ivy.conroy@not_gmail.com,411111137Z
138,Kerrie Ernser,kerrie.ernser@not_gmail.com,411111138Z
139,Kanisha Langosh,kanisha.langosh@not_gmail.com,411111139Z
140,Mikki Schamberger,mikki.schamberger@not_gmail.com,411111140Z
141,Pok Baumbach,pok.baumbach@not_gmail.com,411111141Z
142,Tijuana Labadie,tijuana.labadie@not_gmail.com,411111142Z
143,Genaro Carter,genaro.carter@not_gmail.com,411111143Z
144,Helen Goyette,helen.goyette@not_gmail.com,411111144Z
145,Daron West,daron.west@not_gmail.com,411111145Z
146,Arcelia Cruickshank,arcelia.cruickshank@not_gmail.com,411111146Z
147,Colton Marks,colton.marks@not_gmail.com,411111147Z
148,Tamala Blanda,tamala.blanda@not_gmail.com,411111148Z
149,Danica Hoeger,danica.hoeger@not_gmail.com,411111149Z
150,Lizbeth Zemlak,lizbeth.zemlak@not_gmail.com,411111150Z
151,Candice Ullrich,candice.ullrich@not_gmail.com,411111151Z
152,Erminia Champlin,erminia.champlin@not_gmail.com,411111152Z
153,Almeta Ziemann,almeta.ziemann@not_gmail.com,411111153Z
154,Holley Kassulke,holley.kassulke@not_gmail.com,411111154Z
155,Shiela Feest,shiela.feest@not_gmail.com,411111155Z
156,Aliza Lockman,aliza.lockman@not_gmail.com,411111156Z
157,Karri Barrows,karri.barrows@not_gmail.com,411111157Z
158,Adriana Watsica,adriana.watsica@not_gmail.com,411111158Z
159,Vicki Labadie,vicki.labadie@not_gmail.com,411111159Z
160,Sunni Lynch,sunni.lynch@not_gmail.com,411111160Z
161,Jessenia O'Kon,jessenia.o'kon@not_gmail.com,411111161Z
162,Melvina Tillman,melvina.tillman@not_gmail.com,411111162Z
163,Sue Mertz,sue.mertz@not_gmail.com,411111163Z
164,Ashlie Barton,ashlie.barton@not_gmail.com,411111164Z
165,Livia Murphy,livia.murphy@not_gmail.com,411111165Z
166,Stacee Marks,stacee.marks@not_gmail.com,411111166Z
167,Lazaro Heaney,lazaro.heaney@not_gmail.com,411111167Z
168,Kimbery Muller,kimbery.muller@not_gmail.com,411111168Z
169,Tish Casper,tish.casper@not_gmail.com,411111169Z
170,Ruby Mayert,ruby.mayert@not_gmail.com,411111170Z
171,Rosalyn Prosacco,rosalyn.prosacco@not_gmail.com,411111171Z
172,Zane Bauch,zane.bauch@not_gmail.com,411111172Z
173,Yuriko Mayert,yuriko.mayert@not_gmail.com,411111173Z
174,Donetta Bauch,donetta.bauch@not_gmail.com,411111174Z
175,Roseanna Breitenberg,roseanna.breitenberg@not_gmail.com,411111175Z
176,Jared Schaefer,jared.schaefer@not_gmail.com,411111176Z
177,Vannesa Heaney,vannesa.heaney@not_gmail.com,411111177Z
178,Mckenzie Windler,mckenzie.windler@not_gmail.com,411111178Z
179,Fletcher Welch,fletcher.welch@not_gmail.com,411111179Z
180,Claudette O'Conner,claudette.o'conner@not_gmail.com,411111180Z
181,Daniell Wilderman,daniell.wilderman@not_gmail.com,411111181Z
182,Sibyl Weimann,sibyl.weimann@not_gmail.com,411111182Z
183,Dede Waters,dede.waters@not_gmail.com,411111183Z
184,Everette Wunsch,everette.wunsch@not_gmail.com,411111184Z
185,Willie Bernier,willie.bernier@not_gmail.com,411111185Z
186,Vernell Braun,vernell.braun@not_gmail.com,411111186Z
187,Reed Carter,reed.carter@not_gmail.com,411111187Z
188,Chung Ward,chung.ward@not_gmail.com,411111188Z
189,Lester Haag,lester.haag@not_gmail.com,411111189Z
190,Rosalie Klein,rosalie.klein@not_gmail.com,411111190Z
191,Ellsworth Witting,ellsworth.witting@not_gmail.com,411111191Z
192,Kasie Wiegand,kasie.wiegand@not_gmail.com,411111192Z
193,Floria Lehner,floria.lehner@not_gmail.com,411111193Z
194,Lindsey Huels,lindsey.huels@not_gmail.com,411111194Z
195,Jade VonRueden,jade.vonrueden@not_gmail.com,411111195Z
196,Sofia Konopelski,sofia.konopelski@not_gmail.com,411111196Z
197,Margene Lebsack,margene.lebsack@not_gmail.com,411111197Z
198,Brinda Hermiston,brinda.hermiston@not_gmail.com,411111198Z
199,Joseph Blick,joseph.blick@not_gmail.com,411111199Z
200,Rachal Block,rachal.block@not_gmail.com,411111200Z
201,Lucius Cassin,lucius.cassin@not_gmail.com,411111201Z
202,Kenisha Kling,kenisha.kling@not_gmail.com,411111202Z
203,Sid Nikolaus,sid.nikolaus@not_gmail.com,411111203Z
204,Twanda Tremblay,twanda.tremblay@not_gmail.com,411111204Z
205,Shanell Jast,shanell.jast@not_gmail.com,411111205Z
206,Garland Hirthe,garland.hirthe@not_gmail.com,411111206Z
207,Donella Carter,donella.carter@not_gmail.com,411111207Z
208,Adrian Rolfson,adrian.rolfson@not_gmail.com,411111208Z
209,Carlena Hintz,carlena.hintz@not_gmail.com,411111209Z
210,Andrew Brakus,andrew.brakus@not_gmail.com,411111210Z
211,Providencia Veum,providencia.veum@not_gmail.com,411111211Z
212,Marie Corwin,marie.corwin@not_gmail.com,411111212Z
213,Raymonde Hagenes,raymonde.hagenes@not_gmail.com,411111213Z
214,Waneta Goyette,waneta.goyette@not_gmail.com,411111214Z
215,Jerrie Medhurst,jerrie.medhurst@not_gmail.com,411111215Z
216,Nicholas Goyette,nicholas.goyette@not_gmail.com,411111216Z
217,Ricky Torp,ricky.torp@not_gmail.com,411111217Z
218,Libbie Connelly,libbie.connelly@not_gmail.com,411111218Z
219,Mellisa Kassulke,mellisa.kassulke@not_gmail.com,411111219Z
220,Ping Mosciski,ping.mosciski@not_gmail.com,411111220Z
221,Krishna Jewess,krishna.jewess@not_gmail.com,411111221Z
222,Delois Hyatt,delois.hyatt@not_gmail.com,411111222Z
223,Debora Haley,debora.haley@not_gmail.com,411111223Z
224,Eliz Hammes,eliz.hammes@not_gmail.com,411111224Z
225,Laraine Hilpert,laraine.hilpert@not_gmail.com,411111225Z
226,Jami Bins,jami.bins@not_gmail.com,411111226Z
227,Genesis Lebsack,genesis.lebsack@not_gmail.com,411111227Z
228,Russel Ullrich,russel.ullrich@not_gmail.com,411111228Z
229,Neal Cormier,neal.cormier@not_gmail.com,411111229Z
230,Jannette Huels,jannette.huels@not_gmail.com,411111230Z
231,Regine Gislason,regine.gislason@not_gmail.com,411111231Z
232,Dedra Barton,dedra.barton@not_gmail.com,411111232Z
233,Cyrstal Schamberger,cyrstal.schamberger@not_gmail.com,411111233Z
234,Majorie Klocko,majorie.klocko@not_gmail.com,411111234Z
235,Zachariah Goodwin,zachariah.goodwin@not_gmail.com,411111235Z
236,Zetta Heaney,zetta.heaney@not_gmail.com,411111236Z
237,Corina Rosenbaum,corina.rosenbaum@not_gmail.com,411111237Z
238,Dorotha Nicolas,dorotha.nicolas@not_gmail.com,411111238Z
239,Yer Kerluke,yer.kerluke@not_gmail.com,411111239Z
240,Gerda Oberbrunner,gerda.oberbrunner@not_gmail.com,411111240Z
241,Raven Cole,raven.cole@not_gmail.com,411111241Z
242,Shavonne Predovic,shavonne.predovic@not_gmail.com,411111242Z
243,Arie Hettinger,arie.hettinger@not_gmail.com,411111243Z
244,Deloise Jewess,deloise.jewess@not_gmail.com,411111244Z
245,Gerry Wolff,gerry.wolff@not_gmail.com,411111245Z
246,Neomi Greenfelder,neomi.greenfelder@not_gmail.com,411111246Z
247,Refugia Abernathy,refugia.abernathy@not_gmail.com,411111247Z
248,Larraine Wiegand,larraine.wiegand@not_gmail.com,411111248Z
249,Larisa Fisher,larisa.fisher@not_gmail.com,411111249Z
250,Freddie Maggio,freddie.maggio@not_gmail.com,411111250Z
251,Ivelisse Wisoky,ivelisse.wisoky@not_gmail.com,411111251Z
252,Nicolasa Swift,nicolasa.swift@not_gmail.com,411111252Z
253,Kalyn Pfannerstill,kalyn.pfannerstill@not_gmail.com,411111253Z
254,Laureen Treutel,laureen.treutel@not_gmail.com,411111254Z
255,Henry Pfeffer,henry.pfeffer@not_gmail.com,411111255Z
256,Blake Gislason,blake.gislason@not_gmail.com,411111256Z
257,Migdalia Bergnaum,migdalia.bergnaum@not_gmail.com,411111257Z
258,Herbert Ankunding,herbert.ankunding@not_gmail.com,411111258Z
259,Norman Streich,norman.streich@not_gmail.com,411111259Z
260,Claretta Steuber,claretta.steuber@not_gmail.com,411111260Z
261,Gracie Okuneva,gracie.okuneva@not_gmail.com,411111261Z
262,Harlan Denesik,harlan.denesik@not_gmail.com,411111262Z
263,Ronald Bayer,ronald.bayer@not_gmail.com,411111263Z
264,Hanna Hammes,hanna.hammes@not_gmail.com,411111264Z
265,Joaquin Hahn,joaquin.hahn@not_gmail.com,411111265Z
266,Cheryle Swift,cheryle.swift@not_gmail.com,411111266Z
267,Allena White,allena.white@not_gmail.com,411111267Z
268,Ardis Stiedemann,ardis.stiedemann@not_gmail.com,411111268Z
269,Jed Mueller,jed.mueller@not_gmail.com,411111269Z
270,Tracie Koepp,tracie.koepp@not_gmail.com,411111270Z
271,Karole Ortiz,karole.ortiz@not_gmail.com,411111271Z
272,Joselyn Rogahn,joselyn.rogahn@not_gmail.com,411111272Z
273,Kandis Buckridge,kandis.buckridge@not_gmail.com,411111273Z
274,Gina Welch,gina.welch@not_gmail.com,411111274Z
275,Delfina Welch,delfina.welch@not_gmail.com,411111275Z
276,Carlo Heller,carlo.heller@not_gmail.com,411111276Z
277,Marsha Mertz,marsha.mertz@not_gmail.com,411111277Z
278,Zula Reynolds,zula.reynolds@not_gmail.com,411111278Z
279,Antoine Osinski,antoine.osinski@not_gmail.com,411111279Z
280,Asuncion Reinger,asuncion.reinger@not_gmail.com,411111280Z
281,Misty Padberg,misty.padberg@not_gmail.com,411111281Z
282,Edward DuBuque,edward.dubuque@not_gmail.com,411111282Z
283,Augustine Weimann,augustine.weimann@not_gmail.com,411111283Z
284,Nidia Hirthe,nidia.hirthe@not_gmail.com,411111284Z
285,Lanita McLaughlin,lanita.mclaughlin@not_gmail.com,411111285Z
286,Deetta Beahan,deetta.beahan@not_gmail.com,411111286Z
287,Miesha Koelpin,miesha.koelpin@not_gmail.com,411111287Z
288,Dori Hessel,dori.hessel@not_gmail.com,411111288Z
289,Elroy Hane,elroy.hane@not_gmail.com,411111289Z
290,Marilou Smith,marilou.smith@not_gmail.com,411111290Z
291,Larissa Bosco,larissa.bosco@not_gmail.com,411111291Z
292,Laurel Connelly,laurel.connelly@not_gmail.com,411111292Z
293,Eugenio Cremin,eugenio.cremin@not_gmail.com,411111293Z
294,Ocie Runolfsdottir,ocie.runolfsdottir@not_gmail.com,411111294Z
295,Davina Turner,davina.turner@not_gmail.com,411111295Z
296,Philip Lind,philip.lind@not_gmail.com,411111296Z
297,Brianna Hagenes,brianna.hagenes@not_gmail.com,411111297Z
298,Wilton McClure,wilton.mcclure@not_gmail.com,411111298Z
299,Raylene King,raylene.king@not_gmail.com,411111299Z
300,Mora Graham,mora.graham@not_gmail.com,411111300Z
301,Merle Bashirian,merle.bashirian@not_gmail.com,411111301Z
302,Jeffry Witting,jeffry.witting@not_gmail.com,411111302Z
303,Bertha Price,bertha.price@not_gmail.com,411111303Z
304,Anglea Dare,anglea.dare@not_gmail.com,411111304Z
305,Rolanda Ankunding,rolanda.ankunding@not_gmail.com,411111305Z
306,Marc Lindgren,marc.lindgren@not_gmail.com,411111306Z
307,Denyse Spencer,denyse.spencer@not_gmail.com,411111307Z
308,Lawanna Dare,lawanna.dare@not_gmail.com,411111308Z
309,Kaycee Effertz,kaycee.effertz@not_gmail.com,411111309Z
310,Ammie Reichert,ammie.reichert@not_gmail.com,411111310Z
311,Alexis Parisian,alexis.parisian@not_gmail.com,411111311Z
312,Sherman Romaguera,sherman.romaguera@not_gmail.com,411111312Z
313,Fleta O'Kon,fleta.o'kon@not_gmail.com,411111313Z
314,Brant Borer,brant.borer@not_gmail.com,411111314Z
315,Vivien Predovic,vivien.predovic@not_gmail.com,411111315Z
316,Errol Wolf,errol.wolf@not_gmail.com,411111316Z
317,Jeane Wisoky,jeane.wisoky@not_gmail.com,411111317Z
318,Donte Labadie,donte.labadie@not_gmail.com,411111318Z
319,Preston Mills,preston.mills@not_gmail.com,411111319Z
320,Marry Mills,marry.mills@not_gmail.com,411111320Z
321,Bernie Feest,bernie.feest@not_gmail.com,411111321Z
322,Marnie Klocko,marnie.klocko@not_gmail.com,411111322Z
323,Norman Bins,norman.bins@not_gmail.com,411111323Z
324,Elisabeth Streich,elisabeth.streich@not_gmail.com,411111324Z
325,Lissette Leffler,lissette.leffler@not_gmail.com,411111325Z
326,Ehtel Hansen,ehtel.hansen@not_gmail.com,411111326Z
327,Maura Bahringer,maura.bahringer@not_gmail.com,411111327Z
328,Elenora Tromp,elenora.tromp@not_gmail.com,411111328Z
329,Tashina Kutch,tashina.kutch@not_gmail.com,411111329Z
330,Vonda Boehm,vonda.boehm@not_gmail.com,411111330Z
331,Parthenia Kub,parthenia.kub@not_gmail.com,411111331Z
332,Humberto Herzog,humberto.herzog@not_gmail.com,411111332Z
333,Ty Daniel,ty.daniel@not_gmail.com,411111333Z
334,Jeanene Romaguera,jeanene.romaguera@not_gmail.com,411111334Z
335,Suzann Thiel,suzann.thiel@not_gmail.com,411111335Z
336,Danyell O'Kon,danyell.o'kon@not_gmail.com,411111336Z
337,Liz Berge,liz.berge@not_gmail.com,411111337Z
338,Joya Hoeger,joya.hoeger@not_gmail.com,411111338Z
339,Jan Kessler,jan.kessler@not_gmail.com,411111339Z
340,Refugio Herzog,refugio.herzog@not_gmail.com,411111340Z
341,Daisey Stiedemann,daisey.stiedemann@not_gmail.com,411111341Z
342,Chi Christiansen,chi.christiansen@not_gmail.com,411111342Z
343,Edwardo Sporer,edwardo.sporer@not_gmail.com,411111343Z
344,Stephane Durgan,stephane.durgan@not_gmail.com,411111344Z
345,Susy Windler,susy.windler@not_gmail.com,411111345Z
346,Jenette McGlynn,jenette.mcglynn@not_gmail.com,411111346Z
347,Leroy Hauck,leroy.hauck@not_gmail.com,411111347Z
348,Delsie Rohan,delsie.rohan@not_gmail.com,411111348Z
349,Dorine Lesch,dorine.lesch@not_gmail.com,411111349Z
350,Salina Thiel,salina.thiel@not_gmail.com,411111350Z
351,Bethany Schmidt,bethany.schmidt@not_gmail.com,411111351Z
352,Vonda Nolan,vonda.nolan@not_gmail.com,411111352Z
353,Jeraldine Kerluke,jeraldine.kerluke@not_gmail.com,411111353Z
354,Hallie Herman,hallie.herman@not_gmail.com,411111354Z
355,Allyn Lubowitz,allyn.lubowitz@not_gmail.com,411111355Z
356,Kandis Koss,kandis.koss@not_gmail.com,411111356Z
357,Merlyn Block,merlyn.block@not_gmail.com,411111357Z
358,Noemi Effertz,noemi.effertz@not_gmail.com,411111358Z
359,Felton Walter,felton.walter@not_gmail.com,411111359Z
360,Heidy Raynor,heidy.raynor@not_gmail.com,411111360Z
361,Byron Jones,byron.jones@not_gmail.com,411111361Z
362,Jospeh Spencer,jospeh.spencer@not_gmail.com,411111362Z
363,Rozella Cole,rozella.cole@not_gmail.com,411111363Z
364,Matha Quitzon,matha.quitzon@not_gmail.com,411111364Z
365,Jarrod Hintz,jarrod.hintz@not_gmail.com,411111365Z
366,Britt Dietrich,britt.dietrich@not_gmail.com,411111366Z
367,Lillie Brown,lillie.brown@not_gmail.com,411111367Z
368,Shayne Terry,shayne.terry@not_gmail.com,411111368Z
369,Mauricio Hayes,mauricio.hayes@not_gmail.com,411111369Z
370,Maryln Shields,maryln.shields@not_gmail.com,411111370Z
371,Rhona Altenwerth,rhona.altenwerth@not_gmail.com,411111371Z
372,Magen Sauer,magen.sauer@not_gmail.com,411111372Z
373,Eleonor Sipes,eleonor.sipes@not_gmail.com,411111373Z
374,Roslyn Metz,roslyn.metz@not_gmail.com,411111374Z
375,Vella Wuckert,vella.wuckert@not_gmail.com,411111375Z
376,Justin Jewess,justin.jewess@not_gmail.com,411111376Z
377,Verdie Johns,verdie.johns@not_gmail.com,411111377Z
378,Waneta Kohler,waneta.kohler@not_gmail.com,411111378Z
379,Kristle Hudson,kristle.hudson@not_gmail.com,411111379Z
380,Kellee Macejkovic,kellee.macejkovic@not_gmail.com,411111380Z
381,Shyla Cronin,shyla.cronin@not_gmail.com,411111381Z
382,Madeleine Konopelski,madeleine.konopelski@not_gmail.com,411111382Z
383,Bernardina Bogisich,bernardina.bogisich@not_gmail.com,411111383Z
384,Su Pfannerstill,su.pfannerstill@not_gmail.com,411111384Z
385,Marcela Grady,marcela.grady@not_gmail.com,411111385Z
386,Rayford Hilll,rayford.hilll@not_gmail.com,411111386Z
387,Dominique Thompson,dominique.thompson@not_gmail.com,411111387Z
388,Marion Koepp,marion.koepp@not_gmail.com,411111388Z
389,Willie Barton,willie.barton@not_gmail.com,411111389Z
390,Orval Krajcik,orval.krajcik@not_gmail.com,411111390Z
391,Keva Thiel,keva.thiel@not_gmail.com,411111391Z
392,Sherell Gusikowski,sherell.gusikowski@not_gmail.com,411111392Z
393,Wen Smith,wen.smith@not_gmail.com,411111393Z
394,Laine Thompson,laine.thompson@not_gmail.com,411111394Z
395,Mathew Wiza,mathew.wiza@not_gmail.com,411111395Z
396,Cristy Kuphal,cristy.kuphal@not_gmail.com,411111396Z
397,Elayne Mante,elayne.mante@not_gmail.com,411111397Z
398,Valentine Crona,valentine.crona@not_gmail.com,411111398Z
399,Theo Bashirian,theo.bashirian@not_gmail.com,411111399Z
400,Tory Lockman,tory.lockman@not_gmail.com,411111400Z
